Compound,LogBB,Log P,MW
sulphasalazine,-2.69,3.9,398.4
moxalactam,-2.52,-0.95,520.48
clioquinol,-2.4,3.62,305.5
bbcpd11 (cimetidine analog) (y-g13),-2.15,2.04,342.27
schembl614298,-2.15,-1.03,461.47
"uk-240,455",-2.15,-0.23,368.2
morphine-6-glucuronide,-2.09,-0.73,461.47
nitrofurantoin,-2.09,-0.05,238.16
"l-701,324",-2.03,5.28,363.8
33419-42-0,-2,0.7,588.56
icotidine,-2,2.39,379.46
ro 64-0802,-1.96,0.47,286.37
temelastine,-1.9,3.73,442.36
"disodium;(6r,7s)-7-[[4-(2-amino-1-carboxylato-2-oxoethylidene)-1,3-dithietane-2-carbonyl]amino]-7-methoxy-3-[(1-methyltetrazol-5-yl)sulfanylmethyl]-8-oxo-5-thia-1-azabicyclo[4.2.0]oct-2-ene-2-carboxylate",-1.89,-2.21,575.63
cefotetan,-1.89,-2.21,575.63
1848-75-5,-1.89,1.35,161.21
"2-[4-(5-bromo-3-methylpyridin-2-yl)butylamino]-5-[(6-methylpyridin-3-yl)methyl]-1,3-diazinan-4-one",-1.88,2.72,446.39
m2l-663581,-1.82,0.03,389.8
ritonavir,-1.82,7.44,691.92
bis-hydroxylated-l-663581,-1.82,0.22,403.83
CN1Cc2c(-c3noc(C(C)(O)O)n3)ncn2-c2cccc(Cl)c2C1=O,-1.82,0.02,375.77
CN1Cc2c(-c3noc([C@](C)(O)CO)n3)ncn2-c2cccc(Cl)c2C1=O,-1.82,0.03,389.8
raloxifene,-1.81,6.22,473.59
telmesteine,-1.72,-1.06,205.24
chlorambucil,-1.7,3.46,304.22
quercetin,-1.7,1.32,302.28
sucrose,-1.7,-3.75,342.3
flurbiprofen,-1.68,4.05,244.26
schembl18285121,-1.67,1.91,471.58
d-mannitol,-1.6,-3.1,182.17
mannitol (d-mannitol),-1.6,-3.1,182.17
compound 34,-1.57,1.66,275.34
y22,-1.57,4.69,415.29
l4,-1.54,-5.9,543.48
chebi: 145922,-1.54,1.76,314.38
guanidinothiazol analogue 17 ac1lbibi -- pubmed,-1.54,1.49,250.28
cube-2,-1.52,3,266.34
cube-6,-1.52,5.17,430.5
cube-10,-1.52,5.36,410.47
chembl151192,-1.52,1.92,442.55
amethopterin,-1.52,-1.97,454.45
rifampicin,-1.52,2.89,836.98
baclofen,-1.52,-0.42,213.66
etoposide,-1.5,0.7,588.56
methotrexate,-1.5,-1.97,454.45
imatinib,-1.5,3.89,493.62
.alpha.-d-ddc,-1.5,-1.06,211.22
"mdl 63,246",-1.48,3.93,1802.73
4-hydroxyalprazolam,-1.48,1.83,324.77
etodolac,-1.42,3.64,287.36
atenolol,-1.42,0.7,252.31
cimetidine,-1.42,0.07,252.35
cimetidine (y-g1),-1.4,0.14,252.35
biosone,-1.4,5.62,470.69
vardenafil,-1.4,2.56,488.61
151581-23-6,-1.4,1.67,318.38
apaxifylline,-1.4,1.67,318.38
chembl12325,-1.4,1.09,380.41
sb 239063,-1.4,2.12,368.41
sbb079053,-1.4,-3.01,148.19
4-aminobenzoic acid,-1.4,0.92,137.14
CCOc1ccc(C(=O)c2cccc3ccccc23)c2ccccc12,-1.39,6.1,326.39
"1,3-dimethyl-2-(2-methylphenylimino)imidazolidine",-1.39,2.24,203.29
tz-17,-1.39,1.75,175.24
atorvastatin,-1.36,5.34,558.65
benzoylecgonine,-1.35,2.52,303.36
"monohydroxy l-663,581 metabolite",-1.34,1.04,373.8
dcka,-1.33,2.79,258.06
didanosine,-1.3,-0.95,236.23
salbutamol ,-1.3,1.35,239.31
sildenafil,-1.3,2.51,474.59
sk&f 93319,-1.3,4.6,448.59
sb-271406,-1.3,4.37,452
indomethacin,-1.3,3.99,357.79
skf 93319,-1.3,2.45,379.46
"n-(2,4-dimethylphenyl)-1,3-dimethylimidazolidin-2-imine",-1.3,2.67,217.32
4794-83-6,-1.3,2.18,189.26
schembl1704876,-1.3,3.36,508.44
diclazuril,-1.3,3.79,407.64
compound-9,-1.3,0.22,211.26
yg19,-1.3,1.26,204.3
17 zm0241385,-1.3,2.12,337.34
diclofenac,-1.3,4.57,296.15
l-dideoxyinosine,-1.3,-0.95,236.23
didanosine,-1.3,-0.95,236.23
?-hydroxyalprazolam (alpha-hydroxyalprazolam),-1.3,1.65,324.77
schembl13579049,-1.26,1.62,359.81
zinc27644005,-1.26,1.62,359.81
p-phenylbenzoic acid,-1.26,3.64,198.22
CN/C(=C/[N+](=O)[O-])NCCSc1ccc(CN(C)C)o1,-1.23,0.32,300.38
ls-190695,-1.23,0.33,314.41
ranitidine,-1.23,0.67,329.43
n-[3-[5-[(dimethylamino)methyl]furan-2-yl]sulfanylpropyl]-n'-methyl-2-nitroethanimidamide,-1.23,1.48,314.41
chembl1907165,-1.23,1.23,314.41
ranitidine base,-1.23,0.33,314.41
CNC(C[N+](=O)[O-])=NCCSc1ccc(CN(C)C)o1,-1.23,1.21,300.38
digoxin,-1.23,1.12,780.95
compound 5,-1.22,4.57,474.65
ftc; emtricitabine,-1.22,-0.67,247.25
cogoxin,-1.2,1.12,780.95
nsc606170,-1.2,-1.06,211.22
"2',3'-dideoxycytidine (zalcitabine)",-1.2,-1.06,211.22
bufotenine,-1.19,1.79,204.27
y12,-1.17,2.21,367.4
y-g12 (bbcpd10),-1.17,0.47,204.24
72801-60-6,-1.15,1.51,233.3
chembl1950329,-1.15,6.22,524.71
az599,-1.15,2.46,473.64
miltefosine,-1.14,2.84,408.58
acrivastine,-1.14,3.34,348.45
compound 35,-1.12,1.63,324.41
74188-86-6,-1.12,2.14,324.41
bbcpd17,-1.12,2.13,310.38
sulpiride,-1.11,1.15,341.43
salicylic acid (2-hydroxybenzoic acid),-1.1,1.87,138.12
norfloxacin,-1.1,-0.69,319.34
bromocriptine,-1.1,3.6,654.61
bromocriptine,-1.1,3.6,654.61
ergotamine,-1.1,1.9,597.72
lupitidine (y-g5; skf93479),-1.1,2.24,413.55
cytisine,-1.09,0.27,190.25
amiodarone,-1.08,8.31,645.32
lupitidine,-1.06,2.62,413.55
zolmitriptan,-1.04,1.94,287.36
127779-20-8,-1.03,4.26,670.86
vincristine,-1.03,4.95,824.97
vincristine,-1.03,4.95,824.97
139264-82-7,-1.01,1.94,287.36
fexofenadine (allegra),-1,4.86,501.67
proc-19m,-1,4.79,477.65
ivermectin,-1,4.58,875.11
chembl68445,-1,4.05,440.5
oseltamivir,-1,1.46,314.43
cadralazine,-1,1.44,297.36
compound 17,-1,1.88,373.42
ac1nfq3w,-1,2.36,389.41
156154-71-1,-1,2.64,304.3
dm-44,-1,2.64,304.3
amezinium,-1,-1.76,202.24
-,-1,4.48,517.7
ro65-7674,-1,2.46,429.57
chembl3264225,-1,2.29,424.5
"celecoxib, celebrex",-1,3.61,381.38
liarozole,-1,3.29,308.77
ridogrel,-1,3.32,366.34
chembl1185227,-1,1.32,516.64
"takle-2; l-779,450",-1,4.49,347.81
saquinavir,-0.95,4.26,670.86
anabet,-0.95,1.15,309.41
156154-42-6,-0.95,3.38,293.75
nelfinavir mesylate,-0.93,5.47,567.8
nelfinavir,-0.93,5.32,581.82
miloxacin,-0.92,0.27,263.2
chembl243790,-0.92,6.33,531.67
atenolol ,-0.9,0.72,266.34
prazosin,-0.9,1.91,383.41
glibenclamide,-0.9,4.77,494.01
prednisone,-0.9,1.41,358.43
161105-56-2,-0.89,5.46,470.66
l001588,-0.89,2.6,444.53
mk-0969,-0.89,2.6,444.53
s118,-0.89,2.36,340.49
4201-26-7,-0.87,2.41,209.68
takle-1; sb-590885,-0.85,3.69,467.57
sulfamethoxypyridazine,-0.85,0.77,280.31
alovudine,-0.85,-0.5,244.22
chembl357268,-0.85,3.27,375.43
nsc169534,-0.83,0.57,543.52
doxorubicin,-0.83,0.57,543.52
omeprazole,-0.82,2.41,345.42
ly2066948,-0.81,5.96,517.65
domperidone,-0.8,3.31,425.92
aciclovir,-0.8,-1.61,225.21
"tiotidine (skb10, y-g10)",-0.8,-0.09,312.43
penicillic acid,-0.8,-0.56,170.16
chembl213760,-0.8,4.07,441.56
compound 4b [pmid: 16099654],-0.8,2.28,321.34
compound 13,-0.8,4.22,516.07
colchicine,-0.8,1.1,399.44
risperidone-9-oh,-0.8,2.19,425.5
levodopa,-0.8,-2.2,197.19
d-phenylalanine-l-proline,-0.8,-0.97,278.31
"2',3'-dideoxy-3'-hydroxymethylcytidine",-0.79,-1.59,241.25
penicillic acid,-0.79,-0.56,170.16
irie-16c,-0.79,1.59,468.6
"2´,3´-dideoxy-3´-hydroxymethylcytidine",-0.79,-1.59,241.25
cyclosporine a,-0.78,1.93,1202.63
cyclosporine a,-0.78,1.93,1202.63
cyclosporin a,-0.78,1.93,1202.63
cyclosporin a,-0.78,3.61,1202.63
n-methylthiazolium-dcka,-0.78,0.57,398.29
levodopa,-0.77,-2.2,197.19
chembl244000,-0.77,6.61,455.55
ofloxacin,-0.76,-0.26,361.37
indinavir,-0.74,2.51,613.8
chembl344991,-0.73,4.03,414.53
-,-0.73,4.02,400.5
b-057,-0.73,4.14,369.53
CN(C)Cc1ccc(CSCCNc2cc(Cc3ccccc3)c[nH]2)o1,-0.73,4.14,369.53
zidovudine,-0.72,-0.1,267.25
roscovitine,-0.72,3.65,354.46
zidovudine,-0.72,-4.84,268.25
zidovudine,-0.72,-1.42,269.26
ncistruc1_000794,-0.72,-0.1,267.25
"alfentanil, rapifen",-0.71,-0.1,267.25
6-mercaptopurine,-0.71,-0.39,152.18
zidovudine,-0.7,-0.1,267.25
cyclosporin a,-0.7,3.61,1202.63
quinidine,-0.7,4.33,323.44
"n-[3-hydroxy-5-[[3-methyl-2-[[[methyl-[(2-propan-2-yl-4-thiazolyl)methyl]amino]-oxomethyl]amino]-1-oxobutyl]amino]-1,6-diphenylhexan-2-yl]carbamic acid 5-thiazolylmethyl ester",-0.7,7.51,720.96
levocabastine hydrochloride,-0.7,4.68,420.53
"5-chloro-4-methyl-1,4-dihydroquinazolin-2-amine",-0.7,1.89,195.65
2-o-methyl-paf (c),-0.7,3.81,524.74
mitratapid,-0.7,5.63,717.3
verapamil,-0.7,4.55,454.61
dexverapamil,-0.7,4.55,454.61
chembl239099,-0.7,1.97,458.56
paliperidone,-0.7,1.97,426.49
granisetron,-0.69,2.43,312.42
s120,-0.69,-4.67,231.2
chembl476130,-0.67,1.64,426.56
7-hydroxy risperidone,-0.67,2.04,426.49
ribavirin,-0.67,-2.77,244.21
-,-0.67,2.43,356.25
bbcpd12 (cimetidine derivative) (skb15),-0.67,2.82,357.23
ribavirin,-0.67,-2.25,244.21
y15,-0.67,-0.27,138.17
compound 31,-0.67,2.31,357.23
b-049,-0.67,2.82,357.23
nalidixicacid,-0.66,0.81,232.24
112598-30-8,-0.66,1.67,278.34
prazosin,-0.66,2.52,382.42
y16,-0.66,4.13,384.44
schembl5010920,-0.66,4.65,486.41
compound 32,-0.66,1.16,278.34
tolonidine,-0.65,2.41,209.68
itraconazole,-0.64,5.32,705.65
itraconazole,-0.64,5.32,705.65
norverapamil,-0.64,3.96,440.58
ketoconazole,-0.63,3.77,531.44
jnj-5207787,-0.63,4.82,511.67
CC(=O)Cc1ccc(C(=O)Nc2cc(-c3cccs3)ccc2N)cc1,-0.62,3.54,350.44
darifenacin,-0.62,4.67,426.56
darifenacin,-0.62,4.67,426.56
alovudine ,-0.6,-0.5,244.22
s-methylisothiourea,-0.6,-0.09,90.15
beta-oxycodol,-0.6,0.73,303.36
"(4as,7r,7ar,12bs)-9-methoxy-3-methyl-1,2,4,5,6,7,7a,13-octahydro-4,12-methanobenzofuro[3,2-e]isoquinoline-4a,7-diol",-0.6,0.97,317.38
chembl239299,-0.6,3.16,457.52
s 18986,-0.6,1.3,224.28
bromocriptine,-0.59,4.18,638.61
schembl6949469,-0.59,1.68,300.32
s-licarbizine,-0.59,2.15,254.29
chembl2096766,-0.59,5.27,453.59
tacedinaline,-0.58,1.48,269.3
tipr-dcka,-0.57,4.38,596.56
chembl390020,-0.57,6.59,455.55
chembl195725,-0.56,4.13,505.64
ncgc00159461-02,-0.56,4.13,505.64
amprenavir,-0.56,4.13,505.64
bmsp,-0.55,4.39,488.4
practolol,-0.55,1.03,266.34
paclitaxel,-0.55,4.95,853.92
pregabalin,-0.54,0.66,159.23
zolpidem,-0.54,2.65,309.41
515134-70-0,-0.52,3.73,348.45
acetazolamide,-0.52,-1.15,222.25
4-epiminocycline,-0.52,0.22,457.48
minocycline,-0.52,0.22,457.48
eletriptan,-0.52,3.34,382.53
tg4-155,-0.52,3.54,394.47
sb-357134,-0.52,3.72,523.22
bis(chloroethyl)nitrosourea (carmustine) (bcnu),-0.52,1.67,214.05
besonprodil,-0.52,2.76,402.49
chembl2111136,-0.52,4.15,308.38
schembl8717354,-0.51,3.95,414.55
faha,-0.51,2.07,266.32
50-78-2,-0.5,1.43,180.16
phenylbutazone,-0.5,4.56,308.38
gefitinib,-0.5,4.19,446.91
epicorticosterone,-0.5,1.88,346.47
melphalan,-0.5,0.08,305.2
isotretinoin (13-cis-retinoic acid),-0.49,5.8,300.44
11-cis retinoic acid,-0.49,5.8,300.44
tretinoin,-0.49,5.8,300.44
zolpidem,-0.48,3.15,307.4
stavudine,-0.48,-0.54,224.22
phenothiazine,-0.48,3.58,300.43
chembl385336,-0.47,3.44,350.45
temozolomide,-0.47,-1.9,194.15
chembl148058,-0.47,2.1,408.47
skb30 (npropylacetamide33npiperidinylmethylphenoxy),-0.46,2.1,290.41
y30,-0.46,6.49,578.45
naratriptan,-0.46,1.8,335.47
chembl239975,-0.46,3.24,439.53
flesinoxan,-0.45,1.95,415.46
flesinoxan,-0.45,1.95,415.46
salicyluric acid (salicylurate),-0.44,-0.05,195.17
-,-0.43,2.76,276.38
skf 89124,-0.43,2.76,276.38
besp,-0.43,4.77,502.43
fleroxacin,-0.43,-0.08,369.34
cycloleucine,-0.43,-1.54,129.16
dibudipine,-0.42,5.94,430.5
topotecan,-0.42,2.03,421.45
topotecan,-0.42,0.09,441.51
pfizer compound 14,-0.42,3.01,429.59
mgs0028,-0.41,-3.21,217.15
sumatriptan,-0.4,1.4,295.41
carteolol,-0.4,1.96,292.38
acrylonitrile,-0.4,0.74,53.06
pf-4447943,-0.4,-0.02,395.47
probenecid,-0.4,2.92,285.37
mesoridazine,-0.4,4.09,386.59
compound 3a [pmid: 16099654],-0.4,2.5,307.31
"tramiprosate, alzhemed",-0.4,-3.53,139.18
chembl1190347,-0.4,2.9,468
compound 6h,-0.39,2.74,454.53
sb 649915,-0.39,3.94,431.54
alpha-(4-pyridyl-1-oxide)-n-tert-butylnitrone,-0.38,-1.09,194.23
n-tert-butyl-1-(1-oxidopyridin-1-ium-4-yl)methanimine oxide,-0.38,-1.09,194.23
alpha-(4-pyridyl-1-oxide)-n-tert-butylnitrone,-0.38,-4.78,194.23
nolpitantium,-0.37,4.12,620.68
escitalopram,-0.37,3.17,324.4
chembl243571,-0.37,6.4,546.69
pfizer compound 18,-0.37,3.91,500.69
liv-20a,-0.37,2.64,326.4
mesoridazine,-0.36,3.02,318.49
"[(2r,9s)-2-carbamoyl-9-tricyclo[9.4.0.03,8]pentadeca-1(15),3,5,7,11,13-hexaenyl] acetate",-0.34,2.21,295.34
schembl11119364,-0.34,3.79,266.34
"carbamazepine, 9,10-epoxide",-0.34,1.76,251.28
cbz-epo,-0.34,2.84,250.3
NC(=O)[C@@H]1c2ccccc2[C@@H]2O[C@@H]2c2ccccc21,-0.34,1.76,251.28
cotinine,-0.32,0.41,176.22
risperidone,-0.32,3.18,409.5
schembl8639797,-0.31,2.52,344.37
acetaminophen (p-acetamidophenol),-0.3,0.68,151.16
betahistine (y-g 14),-0.3,0.73,136.2
theophylline,-0.3,-0.01,180.17
b-096,-0.3,2.54,252.27
dichloromethane,-0.3,1.51,84.93
morphine,-0.3,1.1,285.34
16a-fluoroestradiol,-0.3,3.44,290.38
cyclobarbital,-0.3,1.97,236.27
fg-8205,-0.3,1.93,357.8
16alpha-fluoroestradiol,-0.3,3.44,290.38
paclitaxel,-0.3,4.95,853.92
CC(C)c1nc(-c2ncn3c2CNC(=O)c2c(Cl)cccc2-3)no1,-0.3,2.15,343.77
dpdpe,-0.3,-0.51,645.8
dpdpe,-0.3,-0.51,645.8
theobromine,-0.3,-0.26,179.18
ethosuximide,-0.3,0.36,141.17
78755-81-4,-0.3,0.86,303.29
59468-85-8,-0.3,2.61,341.77
"theobromine (3,7-dimethylxanthine)",-0.3,-0.95,180.17
schembl5869149,-0.3,3.61,356.36
ns 1738,-0.3,5.03,365.14
7439-93-2,-0.3,-0.71,6.94
loratadine,-0.3,4.58,382.89
camptothecin,-0.29,2.03,348.36
camptothecin,-0.29,0.4,368.41
theophylline,-0.29,-0.95,180.17
"1,3-dimethyl-5,7-dihydro-4h-purine-2,6-dione",-0.29,-1.12,182.18
ketoconazole,-0.28,3.77,531.44
sotalol,-0.28,0.82,272.37
"1,1-dichloroethane (ethylidene chloride)",-0.28,1.87,98.96
compound 38,-0.28,2.29,337.38
bbcpd19 (ranitidine analog),-0.28,1.75,339.4
112598-49-9,-0.28,3.24,337.38
65936-23-4,-0.28,1.98,268.16
unii-13w6wjx09r,-0.27,0.21,122.17
chembl358151,-0.27,3.81,326.36
compound 37,-0.27,2.86,326.36
bbcpd18 (ranitidine analog),-0.27,3.99,312.33
107447-22-3,-0.26,0.19,182.22
alaptide,-0.26,0.19,182.22
i-1,-0.25,4.21,523.44
loperamide,-0.25,5.15,491.07
"8-[4-(5-(123i)iodanylthiophen-2-yl)-4-oxobutyl]-3-methyl-1-phenyl-1,3,8-triazaspiro[4.5]decan-4-one",-0.25,4.52,523.44
99632-94-7,-0.25,2.09,319.39
chembl478224,-0.24,3.23,468.65
benzamide,-0.24,0.76,121.14
bbcpd21,-0.24,3.77,352.48
1-(3-fluoropropyl)-2-nitroimidazole (fpn),-0.24,0.84,173.15
propargyl alcohol,-0.23,-0.16,56.06
alprenolol,-0.23,2.58,249.35
222722-65-8,-0.23,3.15,360.42
allobarbital,-0.22,0.81,208.22
schembl5488979,-0.22,5.47,391.35
ticalopride,-0.22,1.28,313.79
ticalopride,-0.22,1.28,313.79
pfizer compound 16,-0.22,2.6,379.5
cortisol,-0.22,1.62,362.47
cortisol,-0.22,1.62,362.47
schembl4036207,-0.22,4.37,407.91
abacavir,-0.22,1.22,286.34
abacavir,-0.22,1.22,286.34
fluconazole,-0.22,-0.12,306.28
quinidine,-0.21,3.06,324.42
glycerol,-0.21,-1.6,92.09
valproate,-0.2,2.8,144.21
morphine,-0.2,1.1,285.34
quinidine (quinine),-0.2,3.06,324.42
5-methyl-5-ethyl barbituric acid (nsc 30403),-0.2,0.4,170.17
l-838417,-0.2,3.66,399.4
trazodone,-0.2,3.02,371.87
ibuprofen ,-0.2,3.46,206.28
ethanol,-0.2,0.06,46.07
tz-3,-0.2,4.83,387.72
tz-3,-0.2,0.89,197.19
phenelzine,-0.2,0.45,136.2
indole-based mchr1 antagonist(7a),-0.2,4.74,454.57
liv-21,-0.2,2.24,326.4
thioperamide,-0.2,2.67,292.45
gabapentin,-0.19,0.62,171.24
chembl3527030,-0.19,0.59,206.25
felbamate,-0.19,1.35,238.24
(r)-(-)-ibuprofen,-0.18,3.46,206.28
y19,-0.18,-3.52,332.31
carisoprodol,-0.18,1.71,232.28
prednisolone,-0.18,1.59,360.45
prednisolone,-0.18,1.59,360.45
"1,3-butadiene (divinyl)",-0.17,1.6,54.09
pac-1,-0.17,3.21,392.5
2-methylpropan-1-ol,-0.17,0.8,74.12
dl-alanine,-0.17,-2.69,89.09
201038-74-6,-0.17,2.59,352.5
2-oxo-4-[3-(trifluoromethoxy)anilino]-6-methyl-3-cyclohexene-1-carboxylic acid methyl ester,-0.17,3.65,343.3
"methyl (1s,6r)-6-methyl-2-oxo-4-[3-(trifluoromethoxy)anilino]cyclohex-3-ene-1-carboxylate",-0.17,3.65,343.3
pralidoxime,-0.17,-2.85,137.16
1-(8-fluorooctyl)-2-nitroimidazole (fon),-0.17,3.13,243.28
propan-1-ol,-0.16,0.56,60.1
pefloxacin,-0.16,-0.1,333.36
vorozole,-0.16,2.71,324.77
vorozole,-0.16,2.71,324.77
epinastine,-0.16,2.91,249.32
7439-90-9,-0.16,-0.71,83.8
dexamethasone,-0.15,2.06,392.47
meprobamate,-0.15,1.33,218.25
propan-2-one (acetone),-0.15,0.23,58.08
"minokine, mw01-2-069srm",-0.15,3.26,395.47
acebutolol,-0.15,2.25,336.43
145741-95-3,-0.15,2.11,374.51
daidzein ok,-0.15,2.56,254.24
urea,-0.14,-1,60.06
sr-4688,-0.14,1.93,152.22
u 88703,-0.14,1.59,220.32
barbital,-0.14,0.74,184.19
fluoroethylflumazenil f-18,-0.14,1.16,335.31
"1,2-dichloroethane",-0.14,1.52,98.96
N#Cc1ccsc1C1=Nc2ccc(Cl)cc2NC(=O)C1,-0.14,3.04,301.76
mchr antagonist 8,-0.14,4.96,410.9
methyl acetate,-0.13,0.39,74.08
chembl1950330,-0.13,3.85,391.56
CC(C)NCCCOc1cccc(CN2CCCCC2)c1,-0.13,3.41,290.45
"cis-1,2-dichloroethylene",-0.13,1.36,96.94
phenobarbital,-0.12,0.8,232.24
bisphenol a,-0.12,3.37,228.29
"9h-xanthene-9-carboxamide, n-[2-(1-methylethyl)-2h-tetrazol-5-yl]-",-0.12,2.64,335.37
y17,-0.12,1.75,311.38
chebi: 337303,-0.12,3.56,368.46
CN(C)C1CCN(Cc2ccc(C(=O)Nc3cc(-c4ccccc4)ccc3N)cc2)CC1,-0.11,4.26,428.58
vinblastine,-0.1,5.56,810.99
phenytoin,-0.1,2.18,252.27
thiopental (thiopentone),-0.1,2.58,242.34
antipyrine ok,-0.1,1.4,188.23
2-propanol (isopropanol),-0.1,0.42,60.1
2-butanone,-0.1,0.74,72.11
pindolol,-0.1,1.98,248.33
carbamazepine,-0.1,2.84,236.27
151-83-7,-0.1,2.58,262.31
progesterone,-0.1,3.81,314.47
-,-0.1,1.13,321.28
kcl-440,-0.1,2.98,294.35
prucalopride,-0.1,2.4,367.88
"rofecoxib, vioxx",-0.1,0.71,314.36
iodoantipyrine,-0.1,2.41,314.13
schembl7481790,-0.1,2.24,302.34
"2,3,5,6-tetramethylpyrazine",-0.1,1.12,136.2
vinyltrichloride,-0.1,2.1,133.41
58-08-2,-0.1,0.06,194.19
sb 656104a,-0.1,4.16,488.05
59468-90-5,-0.1,2.43,341.77
84379-13-5,-0.09,2.88,418.29
bretazenil,-0.09,2.88,418.29
bretazenil,-0.09,2.9,418.29
17-(dimethylaminoethylamino)-17-demethoxygeldamycin,-0.09,0.94,616.76
17-(dimethylaminoethylamino)-17-demethoxygeldamycin,-0.09,0.94,616.76
s121,-0.08,-1.84,327.45
s118,-0.08,2.32,338.47
topiramate,-0.07,0.16,339.37
1-hydroxymidazolam,-0.07,3.24,343.79
primidone,-0.07,0.92,218.26
lovastatin,-0.07,4.34,404.55
vinblastine,-0.07,5.56,810.99
tetrahydropalmatine,-0.07,2.75,355.43
(+)-tetrahydropalmatine,-0.07,2.75,355.43
propene,-0.06,1.33,42.08
5-allyl-1-methyl-5-(1-methylpentyl)barbituric acid,-0.06,3.05,266.34
l-hyoscyamine,-0.06,1.77,289.38
atropine,-0.06,1.77,289.38
pf-2545920,-0.06,4.22,392.46
"1,3,7-trimethylxanthine, tms",-0.06,-0.87,196.21
ethenzamide,-0.05,1.69,165.19
56924-65-3,-0.05,1.49,206.22
4-fluoroantipyrine,-0.05,1.56,206.22
bromocytisine,-0.05,1.03,269.14
3-bromocytisine,-0.05,1.33,269.14
3-bromocytisine,-0.05,1.33,269.14
compound-4h,-0.05,4.94,455
CNCc1ccc(C(=O)Nc2cc(-c3ccccc3)ccc2N)cc1,-0.05,3.59,331.42
compound-10,-0.05,4.19,458.61
chembl534947,-0.05,5.26,427.55
thalidomide,-0.05,0.34,258.23
s122,-0.05,-5.84,269.26
levetiracetam,-0.04,0.23,170.21
sb-656104-a,-0.04,4.13,488.05
ici 17148,-0.04,1.01,156.21
"b-038, ici17148",-0.04,1.01,156.21
zaltidine,-0.04,0.41,222.28
water,-0.04,-0.29,18.02
sesamol,-0.04,1.35,138.12
pentylenetetrazole (metrazole),-0.03,0.51,138.17
CN1CCCC12CCN(Cc1ccc(C(=O)Nc3cc(-c4ccccc4)ccc3N)cc1)CC2,-0.03,4.73,454.62
zinc13282290,-0.03,2.61,341.77
compound-5d,-0.03,4.67,381.91
1-butanol,-0.02,1.12,74.12
"1-chloro-2,2-difluoroethylene",-0.02,1.41,98.48
chembl218017,-0.02,3.14,325.41
bbcpd22 (ranitidine analog) skb34 (propanol33npiperidinylmethylp henoxy),-0.02,2.32,249.35
sns-032,-0.01,3.17,380.54
414910-27-3,-0.01,5.71,616.62
simvastatin,-0.01,4.76,418.57
2-pentanone,-0.01,1.3,86.13
bpsp,-0.01,5.27,516.46
chembl136942,-0.01,3.96,423.53
atevirdine,-0.01,2.75,379.46
fluoromisonidazole,-0.01,-0.07,189.15
"misonidazole,fluoro",-0.01,-0.1,219.17
alniditan dihydrochloride,-0.01,1.81,302.42
risperidone,0,2.96,410.49
phenyl-n-tert-butylnitrone,0,1.39,177.25
alprazolam,0,2.29,308.77
diethylether (ether),0,1.05,74.12
methane,0,0.34,16.04
198968-25-1,0,1.76,264.33
dm5,0,0.89,497.5
leucine,0,-1.38,131.18
testosterone,0,3.25,288.43
dronabinol,0,6.69,314.47
ethyl acetate,0,0.76,88.11
dl-morphan,0,3.4,257.38
levorphanol,0,3.4,257.38
dm5,0,3.38,293.75
aminophenazone,0,1.43,231.3
129618-40-2,0,1.39,266.3
N#Cc1c(COc2ccccn2)nc(N)nc1-c1ccco1,0,1.52,293.29
schembl6949318,0,0.82,310.36
"1,3-diphenylguanidine",0,2.81,211.27
citenamide,0,2.57,235.29
dipyridamole,0,1.59,504.64
oxirane,0.01,0.16,44.05
compound d,0.01,4.99,505.59
"5-ethyl-5-heptyl-1,3-diazinane-2,4,6-trione",0.01,3.32,254.33
oxprenolol,0.02,2.07,265.35
methanol,0.02,-0.32,32.04
dextromethorphan,0.02,3.94,271.4
nsc382927,0.02,6.3,535.6
nitrogen,0.03,0.02,28.01
argon,0.03,-0.71,39.95
nitrous oxide,0.03,-0.02,44.01
1-butyl-3-phenylthiourea,0.03,2.79,208.33
"nitrous oxide, 99%",0.03,-4.24,45.02
nitrogen,0.03,-0.89,32.05
7440-63-3,0.03,-0.71,131.29
3-methyl-1-butanol (isopentanol),0.04,1.33,88.15
2-methyl-1-butanol,0.04,1.3,88.15
hepp (beta-ethyl-beta-hydroxybenzenepropanamide) (3-hydroxy-3-phenylpentamide),0.04,1.21,193.25
amobarbital,0.04,1.78,226.28
"trans-1,2-dichloroethylene",0.04,1.36,96.94
"5-ethyl-5-isopentyl-5,6-dihydropyrimidine-2,4(1h,3h)-dione",0.04,2.13,212.29
schembl6946348,0.04,2.12,328.37
phenyl-n-tert-butylnitrone (cid 10313352),0.05,1.39,177.25
phenyl-n-tert-butylnitrone,0.05,1.39,177.25
procaine,0.05,1.97,236.31
4-boronophenylalanine,0.05,-2.19,209.01
compound 32,0.06,3.39,385.47
paraxanthine,0.06,-0.48,182.18
paraxanthine,0.06,-0.57,182.18
amylene-hydrate (tertiary-amyl alcohol),0.07,1.37,88.15
195055-03-9,0.07,4.69,380.54
vinblastine,0.07,5.56,810.99
p-bromospiperone,0.07,4.15,474.37
irie-16a,0.08,2.91,468.65
"1,3a,8-trimethyl-1,2,3,3a,8,8a-hexahydropyrrolo[2,3-b]indol-5-yl methylcarbamate",0.08,1.94,275.35
terbinafine,0.08,5.72,291.44
cube-8,0.08,5.61,458.55
chembl1243269,0.08,1.94,275.35
nimodipine,0.08,4.1,418.45
"1,1,1-trichloro-2-fluoroethane",0.08,2.46,151.4
"5-propyl-5-ethyl barbituric acid (5-ethyl-5-propyl-1,3-diazinane-2,4,6-trione)",0.09,1.3,198.22
5-ethyl-5-pentylbarbituric acid,0.09,2.31,226.28
1-(4-amino-5-chloro-2-methoxyphenyl)-4-(diethylamino)butan-1-one,0.09,2.86,298.81
mppf,0.09,3.96,434.51
7461-08-7,0.09,3.6,296.32
56-29-1,0.1,2.1,236.27
cyclopropane (trimethylene),0.1,0.95,42.08
divinylether,0.1,0.9,70.09
pentobarbital,0.1,2.04,226.28
1622-62-4,0.1,2.13,313.29
paraxanthine,0.1,-0.01,180.17
eserine,0.1,1.94,275.35
"2,5-dihydroxybenzoic acid",0.1,1.37,154.12
terbinafine,0.1,5.72,291.44
quinidine (quinine),0.1,4.33,323.44
fluoromar,0.1,1.52,126.08
schembl15974503,0.1,2.78,222.29
naproxen,0.1,3.38,230.26
2pnc,0.1,2.61,230.1
zolantidine; 41,0.1,4.99,381.55
tert-butylalcohol,0.11,0.87,74.12
dehydroevodiamine,0.11,3.55,301.35
pfizer compound 20,0.11,3.62,390.53
oxycodone,0.11,0.79,315.37
dehydroevodiamine,0.11,-0.83,304.37
chembl246597,0.11,4.18,445.56
184886-95-1,0.11,2.53,230.1
"(2r)-n-(2,6-dichlorophenyl)-2,5-dihydro-1h-imidazol-2-amine",0.11,2.53,230.1
desflurane (suprane),0.11,2.05,168.04
"2-(5,6-dichloroindazol-1-yl)ethanamine",0.11,1.76,230.1
propyl acetate ,0.12,1.26,102.13
3891-33-6,0.12,1.43,142.2
(r)-pentobarbital,0.12,2.04,226.28
s111,0.13,0.56,106.07
F/C=C\O/C=C/F,0.13,0.56,106.07
fluorovinyl ether,0.13,0.56,106.07
chembl219060,0.13,2.75,325.41
mchr antagonist 2',0.13,5.89,394.9
declopramide,0.14,2,269.78
compound-10b,0.15,5.15,474.99
cyanidin 3-o-glucoside,0.15,-0.33,450.4
cyanidin 3-o-glucoside,0.15,-2.79,449.39
"2,4-dichlorophenoxyacetic acid",0.15,2.52,221.04
lactic acid,0.16,-0.71,90.08
"1,2,4-trimethylbenzene",0.16,3.21,120.19
st 363,0.16,2.64,230.1
7-k08,0.16,3.19,404.86
org13011,0.16,2.17,370.42
tert-amylmethylether,0.17,1.99,102.18
4-chlorobenzotrifluoride,0.17,3.51,180.56
chembl243999,0.17,6.82,464.56
minozac free base,0.18,3.2,332.41
gw406381,0.18,3.69,393.47
norgalanthamine,0.18,1.3,273.33
repinotan,0.18,2.96,386.47
5-butyl-5-ethyl barbituric acid (butethal),0.19,1.8,212.25
4-fluoropaclitaxel,0.19,5.11,871.91
4-fluoropaclitaxel,0.19,5.11,871.91
2-(3'-iodo-4'-aminophenyl)-6-hydroxybenzothiazole,0.2,4.28,368.2
ropinirole (skf101468),0.2,3.03,260.38
thioridazine,0.2,5.68,370.59
methoxyflurane,0.2,2.11,164.97
sulforidazine,0.2,4.12,402.58
ethylbenzene,0.2,2.85,106.17
secobarbital,0.2,2.08,238.29
secobarbital,0.2,2.08,238.29
sufentanil,0.2,3.75,386.56
1-pentanol,0.2,1.62,88.15
chembl142158,0.2,3.84,310.82
chembl190860,0.2,3.23,276.38
schembl4414781,0.2,2.56,390.42
schembl10031243,0.2,1.14,273.33
"ptk-787, vatalanib",0.2,5.44,346.82
(r)-enflurane,0.2,2.36,184.49
7440-01-9,0.2,-0.71,20.18
m-xylene,0.2,2.81,106.17
ethyl t-butyl ether,0.22,1.86,102.18
talsupram,0.22,5,311.49
dextromethorphan,0.22,3.94,271.4
"b-066, skb-42",0.22,4.35,365.48
scopolamine,0.23,1.05,303.36
scopolamide (scopolamine),0.23,1.05,303.36
scopolamine,0.23,1.05,303.36
5d,0.23,4.45,448.44
compound 14b,0.23,5.28,427.55
pyrene,0.23,4.88,202.26
enflurane,0.24,2.36,184.49
nicotine,0.24,1.09,162.24
5-octyl-5-ethyl barbituric acid,0.24,3.82,268.36
"gr 205171, vofopitant",0.24,3.1,432.45
10-{2-[(2r)-1-methylpiperidin-2-yl]ethyl}-2-(methylsulfanyl)-10h-phenothiazine,0.24,5.68,370.59
chembl368590,0.25,3.05,260.38
ropinirole hydrochloride,0.25,1.92,246.36
spiperone,0.26,3.34,395.48
"(+)-4-propyl- 3,4,4a,5,6,10b-hexahydro- 2h-naphtho[1,2-b][1,4]oxazin-9-ol",0.26,2.64,247.34
teflurane,0.27,2.25,180.93
1-bromopropane (n- propylbromide),0.27,1.93,122.99
nsc 350386,0.27,3.6,324.38
ethyl 4-aminobenzoate (benzocaine),0.27,1.56,165.19
lin_train_55,0.27,2.52,194.95
zinc40135788,0.27,2.25,180.93
toliprolol,0.28,2.23,223.32
butyl acetate,0.28,1.82,116.16
r82913,0.28,3.74,321.88
r-82913,0.28,3.74,321.88
ondansetron,0.28,3.81,292.38
ondansetron,0.28,2.37,293.37
loreclezole,0.28,2.85,274.54
trichloroethene,0.3,2.02,131.39
halothane,0.3,2.56,197.38
trichloromethane (chloroform),0.3,2.09,119.38
364079-69-6,0.3,4.19,456.54
CCC(NC(=O)c1c(C)c(-c2ccccc2)cc2ccccc12)c1ccccc1,0.3,5.97,379.5
sb-222200,0.3,5.19,380.49
66104-22-1,0.3,3.97,314.5
pergolide,0.3,3.97,314.5
sb222200,0.3,5.19,380.49
34933-06-7,0.3,3.34,414.53
diltiazem,0.3,3.34,414.53
minaprine,0.3,2.53,298.39
chembl481689,0.3,5.21,481.04
fr260010,0.3,3.86,353.43
ritanserin,0.3,5.26,477.58
sevoflurane,0.3,2.42,200.05
chembl401446,0.3,3.94,361.4
riluzole,0.3,2.92,234.2
ethylene,0.3,1.08,28.05
22316-47-8,0.3,2.55,300.75
ar-1d9859,0.31,3.22,275.39
357-70-0,0.32,1.54,287.36
galanthamine,0.32,1.54,287.36
-,0.32,4.1,395.57
494-97-3,0.32,0.85,148.21
hydrocodone,0.32,1.73,299.37
antihistamine-1,0.32,4.52,389.48
nitrazepam,0.32,2.14,281.27
4-oh-tiq,0.32,0.5,149.19
494-97-3,0.32,0.85,148.21
4205-93-0,0.33,2.88,319
jnj-16567083,0.33,4.01,311.43
1.1.1.2-tetrachloroethane,0.33,2.77,167.85
lidocaine,0.34,2.13,234.34
schembl6867748,0.34,7.05,494.48
lin_train_45,0.35,2.83,211.41
oxymorphone,0.35,0.48,301.34
"4-bromo-4-chloro-1,1,1- trifluoro-butane",0.35,3.1,225.44
(r)-halothane,0.35,2.56,197.38
5-hexyl-5-ethyl barbituric acid,0.36,2.81,240.3
nsc 269416,0.36,2.56,384.44
tert-butylmethylether,0.36,1.48,88.15
161499-49-6,0.36,4.09,379.53
chembl1935441,0.36,2.88,307.4
compound-4fi,0.36,4.9,414.22
compound-s16d,0.36,4.84,405.93
chembl515025,0.37,2.23,440.59
135095-42-0,0.37,5.33,412.58
tetrachloroethylene,0.37,2.69,165.83
bunitrolol,0.38,2.03,248.33
ml,0.38,2.58,323.4
tz-11,0.38,1.94,230.1
141060-39-1,0.38,3.91,399.5
betaxolol,0.39,2.84,307.43
l015600,0.39,3.26,338.45
128915-56-0,0.39,3.7,271.75
128915-56-0,0.39,3.7,271.75
COc1cc2c(c(CN[C@H]3CCCN[C@@H]3c3ccccc3)c1)OCC2,0.39,3.26,338.45
org-30526,0.39,2.87,267.33
"b-106, org30526",0.39,3.62,285.77
chembl1935437,0.39,3.17,309.39
(s)-hydroxyzine,0.39,3.35,374.91
methylchloroform,0.4,2.54,133.41
desmethylclobazam;          norclobazam; nordiazepam,0.4,2.98,286.72
hydroxyzine,0.4,3.35,374.91
benzene,0.4,1.94,78.11
toluene,0.4,2.39,92.14
p-xylene ,0.4,2.83,106.17
midazolam,0.4,3.07,325.77
elegas,0.4,1.56,146.06
xylene,0.4,2.79,106.17
isopropyl acetate,0.4,1.12,102.13
tibolone,0.4,3.3,298.43
tibolone,0.4,3.54,312.45
tibolone,0.4,3.54,312.45
pentyl acetate,0.4,2.33,130.19
ivermectin 1a,0.4,4.58,875.11
nicotine,0.4,1.09,162.24
phencyclidine,0.4,4.82,243.39
pfizer compound 11,0.41,4.95,408.46
sparfloxacin,0.41,1.63,392.41
tz-21,0.41,3.37,308.99
isoflurane,0.42,2.36,184.49
butyl 4-aminobenzoate (butamben),0.42,2.62,193.25
n-(2-cyanoethyl)-2-phenylethylamine,0.42,1.87,174.25
148372-04-7,0.42,3.16,308.38
(r)-(-)-isoflurane,0.42,2.36,184.49
3-[(2-phenylethyl)amino]propanenitrile,0.42,1.01,174.25
tert-butylbenzene,0.43,3.64,134.22
chembl225032,0.43,3.66,342.47
869802-58-4,0.43,2.67,343.46
chembl1095819,0.43,3.76,323.42
lorazepam,0.44,2.47,321.16
ica-27243,0.44,3.03,268.65
chebi: 338961,0.44,3.49,331.49
isobutyl acetate,0.45,1.51,116.16
styrene,0.45,2.79,104.15
propoxyphene,0.46,4.98,339.48
n-methylspiperone,0.46,3.58,409.5
147116-67-4,0.46,7.01,468.69
21571-08-4,0.47,3.24,264.54
lamotrigine,0.48,2.04,256.1
pk 11195,0.48,5.46,352.87
pfizer compound 17,0.48,3.36,367.52
pfizer compound 1,0.48,6.82,454.66
chembl506480,0.48,4.36,437.6
piperidinederivatives 3,0.48,4.15,471.52
chembl193400,0.48,3.77,410.33
"9h-pyrido[3,4-b]indole",0.48,2.37,168.2
pyrimethamine,0.49,2.84,248.72
pfizer compound 19,0.49,3.23,351.45
diazepam,0.5,2.74,284.75
buspirone,0.5,1.74,385.51
mirtazapine,0.5,2.71,265.36
mepyramine (pyrilamine),0.5,2.63,285.39
chembl351067,0.5,2.84,270.72
1088-11-5,0.5,2.86,270.72
schembl680675,0.51,4.59,285.43
clotiazepam,0.51,3.27,318.83
nonane,0.52,5.17,128.26
org-32104,0.52,2.79,281.36
cyclosporin a,0.52,3.61,1202.63
schembl12537969,0.52,4.05,329.37
1977-15-7,0.53,3.41,282.39
zipr-dopa(p)2,0.53,4.64,596.81
pentazocine,0.54,4.59,285.43
propyl-4-aminobenzoate,0.55,2.06,179.22
afe,0.55,3.85,290.41
isopentylacetate ,0.55,2.04,130.19
codeine,0.55,1.41,299.37
dihydrocodeine,0.55,1.92,301.39
isocodeine,0.55,1.41,299.37
2-bromopropane,0.56,1.79,122.99
antibiotic mx 2,0.56,1.96,585.61
morpholinyl oxaunomycin,0.56,1.96,585.61
n-(2-amino-5-phenylphenyl)-4-[(4-methylpiperazin-1-yl)methyl]benzamide,0.56,3.73,400.53
2-(aminomethyl)-6-methoxyphenol,0.56,0.67,153.18
sb-277011a,0.56,4.27,438.57
nsc 15312,0.56,1.49,133.19
selegiline,0.57,2.64,187.29
oxycodone,0.57,0.38,299.37
chembl371222,0.57,3.35,380.45
chembl382773,0.57,4.25,451.54
triazolam,0.57,3.07,349.26
nebivolol,0.57,3.1,405.44
tz-19,0.58,3.64,397.9
(s)-flurocarazolol,0.58,3.24,316.38
lubeluzole,0.59,4.31,433.52
lubeluzole,0.59,4.31,433.52
"3-methoxy-17-methyl-7,8-didehydro-4,5-epoxymorphinan-6-ol",0.6,1.41,299.37
fentanyl,0.6,3.79,336.48
codeine,0.6,1.41,299.37
604-75-1,0.6,1.84,286.72
desmonomethylpromazine,0.6,4.13,270.4
cocaine,0.6,2.87,303.36
5-hydroxytryptamine (5-ht) receptor ligand 1b,0.6,2.84,259.69
bremazocine,0.6,3.46,315.46
77-lh-28-1,0.6,4.4,328.5
schembl12684742,0.6,2.07,269.35
benzoylmethylecgonine,0.6,2.87,303.36
schembl6947600,0.6,2.46,362.36
amoxapine,0.6,3.65,313.79
carbon disulfide,0.6,1.1,76.14
1-(2-pyrimidinyl)-piperazine,0.6,0.05,164.21
tert-butylcyclohexane,0.61,4.3,140.27
oxazepam,0.61,1.21,224.65
rolipram,0.61,2.67,275.35
s-oxazepam,0.61,1.84,286.72
pfizer compound 24,0.62,3.73,393.56
venlafaxine,0.62,3.81,277.41
145877-52-7,0.63,4.21,380.41
jnj-2408068,0.63,1.9,394.52
mefloquine,0.63,4.24,378.32
"4-iodo-n,n'-isopropyl-m- xylenediamine",0.64,6.42,346.26
doxylamine,0.64,2.16,270.38
upcmld-dp067,0.64,2.97,259.35
doxylamine,0.64,2.16,270.38
fauc-113,0.64,3.5,326.83
etoprine,0.65,3.44,283.16
budipine,0.66,5.19,293.45
decane,0.67,5.68,142.29
revaprazan,0.68,5.48,362.45
chembl204958,0.68,4.19,452.4
octane,0.69,4.67,114.23
chembl142149,0.69,3.54,325.46
"propofol, diprivan",0.7,3.7,178.28
tramadol,0.7,3.18,263.38
28911-01-5,0.7,2.92,343.22
"1,2,3,4-tetrahydroquinoline",0.7,2.31,133.19
irie-13b,0.7,0.8,373.46
perphenazine,0.7,4.29,403.98
quetiapine,0.7,3.49,383.52
schembl6578223,0.71,2.9,352.44
fluoxetine,0.72,4.53,309.33
chembl390021,0.73,7.23,457.55
1-octene,0.74,4.15,112.22
"n-hexyl-2,2-diphenylacetamide",0.74,5.06,295.43
jhw 007,0.74,6.04,385.5
bms-184111,0.74,5.41,437.58
climazolam,0.74,3.59,342.23
ctk7e5530,0.74,3.17,276.34
jhw-007,0.75,6.04,385.5
northioridazine,0.75,4.97,356.56
loperamide(1+),0.77,4.88,477.05
CN(C)Cc1ccc(C(=O)Nc2cc(-c3cccs3)ccc2N)cc1,0.77,3.62,351.48
tripyrolidine,0.77,3.47,278.4
9b,0.77,2.6,311.36
olanzapine,0.78,3.47,312.44
sabeluzole,0.78,4.22,415.53
515141-51-2,0.78,4.97,482
piperazinederivatives 12,0.78,4.48,417.55
fluvoxamine,0.79,2.53,318.34
fluvoxamine,0.79,2.53,318.34
(z) fluvoxamine,0.79,2.53,318.34
olanzapine,0.8,3.47,312.44
heptane,0.8,4.16,100.2
pentane,0.8,3.15,72.15
n-hexane,0.8,3.66,86.18
northioridazine,0.8,5.44,356.56
loxapine,0.8,4.25,327.81
imipramine,0.8,4.16,280.42
mchr antagonist 23c,0.81,4.71,488.68
metoprine,0.81,2.87,269.13
"(1r,2s)-2-(4-fluorophenyl)cyclopropan-1-amine",0.81,1.59,151.18
( + )-4-fluorotranylcypromine,0.81,1.59,151.18
org4428,0.82,3.38,295.38
beloxepin,0.82,3.38,295.38
butaperazine,0.83,5.21,409.6
melperone,0.83,3.34,263.36
s113 amitryptalline,0.83,5.13,300.49
zinc1677753,0.83,4.14,266.39
mchr antagonist 19,0.83,3.97,384.87
meperidine,0.85,2.65,247.34
biperiden,0.85,4.43,311.47
chembl3349881,0.85,4.34,404.55
pfizer compound 21,0.85,5.08,409.6
1-nonene,0.86,4.65,126.24
2-methyl heptane,0.86,3.64,100.2
2-methylheptane,0.86,4.14,114.23
145148-39-6,0.87,3.26,296.41
105601-20-5,0.88,2.28,250.34
rivastigmine,0.88,2.28,250.34
schembl18653512,0.88,3.84,345.45
methylphenidate,0.88,2.28,233.31
145742-22-9,0.88,4.76,416.39
donepezil,0.89,4.1,379.5
schembl5966350,0.89,5.14,472.82
chembl1935446,0.89,3.14,327.43
methadone,0.9,4.25,309.45
50-48-6,0.9,4.19,277.41
3-methylhexane (2- ethylpentane),0.9,3.38,100.2
3-methylhexane,0.9,2.87,97.18
cyclohexane,0.9,3.21,84.16
methylcyclopentane,0.9,2.47,84.16
piperazinederivatives 7,0.9,4.93,412.4
(-)-3-methylhexane,0.9,3.38,100.2
metoclopramide,0.9,2.54,299.8
methamphetamine (pervertin),0.9,2.23,149.24
chembl88330,0.9,3.35,294.35
"1-[2-(3,4-dimethoxyphenyl)ethyl]-4-[3-(2-iodophenyl)propyl]piperazine",0.9,5.04,494.42
am-36,0.91,6.17,459.07
s123,0.92,6.06,371.52
(e)-tamoxifen,0.92,6.06,371.52
"2-[4-(1,2-diphenylbut-1-enyl)phenoxy]-n,n-dimethylethanamine",0.92,6.06,371.52
pfizer compound 8,0.92,4.75,338.5
chembl244206,0.92,7.34,475.54
s119,0.92,0,0
amphetamine,0.93,1.32,135.21
methamphetamine,0.96,2.23,149.24
1-decene,0.96,5.16,140.27
145742-01-4,0.96,5.86,406.49
methylcyclohexane,0.96,2.98,98.19
2095-17-2,0.97,3.81,290.82
2-methyl nonane,0.98,4.65,128.26
pfizer compound 6,0.98,4.94,352.52
"4-iodo-alpha,alpha'- dipiperidino-m-xylene",0.98,4.37,398.33
chembl430170,0.98,4.94,352.52
citalopram,0.99,3.17,324.4
trimipramine,0.99,4.64,294.44
24219-97-4,0.99,3.62,264.37
phenserine,1,3.64,337.42
2-methylpentane (isohexane),1,3.13,86.18
tertbutylchlorambucil,1,4.96,360.32
"2,2-dimethylbutane",1,2.89,86.18
3-methylpentane,1,2.82,86.18
doxepin,1,3.85,279.38
doxepin,1,3.85,279.38
acmc-20dhn6,1,3.64,337.42
chembl2024515,1,4.11,434.43
compound 26,1,3.04,390.45
1-hexyl-4-(4- iodophenyl)piperazine,1.01,5.46,372.29
tripropylphosphine,1.02,3.22,126.24
org-5222,1.03,3.94,285.77
"b-102, asenapine, org5222",1.03,3.64,315.8
clomipramine,1.04,4.82,314.86
nortriptyline,1.04,3.94,263.38
bms-204352,1.04,4.38,359.71
schembl7050625,1.04,4.72,499.37
2-methylnonane,1.05,5.15,142.29
50-53-3,1.06,5.03,318.87
cyclobenzaprine,1.06,4.87,275.39
7-k06,1.06,4.21,299.8
"1,2-dimethylcyclohexane",1.07,3.22,112.22
chembl2024514,1.08,4.09,398.38
inaperisone,1.08,3.55,245.37
101-40-6,1.08,3.17,155.28
(r)-propylhexedrine,1.08,3.17,155.28
desmethyldesipramine,1.1,2.94,252.36
astemizole,1.1,5.71,458.58
77086-21-6,1.11,3.48,221.3
cp-122721,1.11,4.21,380.41
cp-122721,1.11,4.21,380.41
dizocilpine,1.11,3.48,221.3
4-carboxymethylenebut-2-en-4-olide,1.11,-0.23,140.09
i-4 (44cyanophenoxymethylpiperidineniodoallyl),1.13,3.74,382.25
i-4 (44cyanophenoxymethylpiperidineniodoallyl),1.13,3.74,382.25
zanapezil,1.14,5,376.54
metoprolol,1.15,1.97,267.37
piperidinederivatives 2,1.18,5.92,498.39
2qju,1.2,3.92,266.39
9-c17,1.2,5.57,266.39
promazine,1.23,4.38,284.43
chembl244205,1.25,7.25,457.55
pfizer compound 23,1.26,5.57,429.59
schembl6584053,1.26,3.53,322.41
diphenhydramine,1.3,3.5,255.36
haloperidol,1.3,4.3,375.87
promethazine,1.3,4.44,284.43
maprotiline,1.3,4.01,277.41
trihexyphenidyl,1.32,4.83,301.47
nor-1-chlorpromazine,1.37,4.76,304.85
1-isobutyl-4-(4-iodophenyl)piperazine,1.38,4.14,344.24
1-(4-iodophenyl)-4-isopropylpiperazine,1.38,3.69,330.21
1-isobutyl-4-(4-iodophenyl)piperazine,1.38,4.22,344.24
schembl6578579,1.38,3.5,352.44
bromperidol,1.38,4.43,420.32
bromperidol,1.38,4.16,406.3
1225-64-5,1.4,4.79,304.85
117-89-5,1.4,5.14,407.5
bupropion (zyban),1.4,3.42,239.75
chembl4248308,1.44,6.4,406.52
trifluopromazine,1.44,5.25,352.43
-,1.44,5.12,407.5
chembl476108,1.48,4.73,374.89
fluphenazine,1.5,4.51,437.53
chlorpheniramine,1.53,3.31,274.8
sertraline,1.6,3.98,306.24
79559-97-0,1.6,3.98,306.24
chebi: 568657,1.64,2.3,265.67
CC(C)c1ccc(SCCCC2CCN2C)cc1,1.7,4.57,263.45
